{"cameraMode":{"drawMode":0,"name":"Shaded","section":"Shading Mode"},"sceneLighting":true,"audioPlay":false,"sceneViewState":{"m_AlwaysRefresh":false,"showFog":true,"showSkybox":true,"showFlares":true,"showImageEffects":true,"showParticleSystems":true,"showVisualEffectGraphs":true,"m_FxEnabled":true},"in2DMode":false,"pivot":{"x":1.8879786729812623,"y":0.08393406867980957,"z":9.113496780395508},"rotation":{"x":-0.10055985301733017,"y":-0.0396915078163147,"z":0.004014342557638884,"w":-0.9941352605819702},"size":8.831977844238282,"orthographic":false}