{"cameraMode":{"drawMode":0,"name":"Shaded","section":"Shading Mode"},"sceneLighting":true,"audioPlay":false,"sceneViewState":{"m_AlwaysRefresh":false,"showFog":true,"showSkybox":true,"showFlares":true,"showImageEffects":true,"showParticleSystems":true,"showVisualEffectGraphs":true,"m_FxEnabled":true},"in2DMode":false,"pivot":{"x":3.6709816455841066,"y":1.5202124118804932,"z":25.470626831054689},"rotation":{"x":-0.11504694819450379,"y":0.09314882755279541,"z":-0.0108239920809865,"w":-0.9889564514160156},"size":14.973246574401856,"orthographic":false}